pathway,fgsea.FDR,fgsea.ES,fgsea.NES,fgsea.size,fgsea.FC,gage.FDR,gage.geomean,gage.statmean,gage.size,gage.FC,group
HALLMARK_TNFA_SIGNALING_VIA_NFKB,0.004458712323880863,0.848259916637888,2.75332961349273,198,up,7.455118978816946e-25,1.491023795763388e-26,11.89734243305367,198,up,AM
HALLMARK_HYPOXIA,0.004458712323880863,0.5869426418643803,1.8959430293198356,178,up,0.0030646206994337237,7.35508967864095e-4,3.209558135253604,178,up,AM
HALLMARK_CHOLESTEROL_HOMEOSTASIS,0.04867285352715946,0.525665391676456,1.5258101940305264,69,up,0.09178809488057388,0.03337016698463696,1.8482447460234315,69,up,AM
HALLMARK_MITOTIC_SPINDLE,0.7284420527628299,0.29941177461563373,0.9706600598655905,195,up,0.49113186818538607,0.33396967036606245,0.4293512290517757,195,up,AM
HALLMARK_WNT_BETA_CATENIN_SIGNALING,0.1992498827941866,0.5127107336265027,1.3503958552543396,40,up,0.28264382161921736,0.15989001235681743,1.0015480951643507,40,up,AM
HALLMARK_TGF_BETA_SIGNALING,0.22209448160535117,0.4707058073545973,1.3066995073295686,53,up,0.23506556619806965,0.11753278309903475,1.1943338985568532,53,up,AM
HALLMARK_IL6_JAK_STAT3_SIGNALING,0.004458712323880863,0.7873200288608836,2.3438446079329993,84,up,9.783435463095916e-5,1.625995130663357e-5,4.35845502602376,84,up,AM
HALLMARK_DNA_REPAIR,1,0.20785363897701173,0.6624200175003738,147,up,0.8288241698757052,0.7287387791948322,-0.6098390923479552,147,up,AM
HALLMARK_G2M_CHECKPOINT,0.759228187919463,0.2886764332413815,0.9350242306164387,188,up,0.5686242994559749,0.409409495608302,0.22923269114236583,188,up,AM
HALLMARK_APOPTOSIS,0.004458712323880863,0.6776690157267798,2.166869433316884,154,up,9.783435463095916e-5,1.7610183833572624e-5,4.228914794105713,154,up,AM
HALLMARK_NOTCH_SIGNALING,0.23045267489711935,0.5271594233967081,1.3251601672624924,31,up,0.21473575448581092,0.09877844706347305,1.3030523914157208,31,up,AM
HALLMARK_ADIPOGENESIS,1,0.20610975295993078,0.6667163137878825,186,up,0.8652950832591286,0.8133773782635809,-0.8917060221391255,186,up,AM
HALLMARK_ESTROGEN_RESPONSE_EARLY,0.07150153217568948,0.4232313479837863,1.3656643987681052,182,up,0.1466795306143476,0.05867181224573903,1.5698533071161014,182,up,AM
HALLMARK_ESTROGEN_RESPONSE_LATE,0.007473841554559044,0.4863085030382964,1.5708744784766613,178,up,0.02155973542913004,0.006036725920156404,2.5231806845490166,178,up,AM
HALLMARK_ANDROGEN_RESPONSE,0.05856966707768188,0.478880957132622,1.445923303921033,93,up,0.08291544434344991,0.028191251076772953,1.920174639446093,93,up,AM
HALLMARK_MYOGENESIS,0.755317034386802,-0.2348575430129066,-0.9531311649591077,166,down,0.8652950832591286,0.8090738356855611,-0.8756825839576702,166,up,AM
HALLMARK_PROTEIN_SECRETION,0.04867285352715946,0.48642615119065935,1.4687051075376287,93,up,0.22242406961146305,0.10676355341350224,1.251320293963529,93,up,AM
HALLMARK_INTERFERON_ALPHA_RESPONSE,0.004458712323880863,0.8441756633978694,2.5517648229225296,95,up,6.910528436379397e-12,5.528422749103507e-13,7.943677233251398,95,up,AM
HALLMARK_INTERFERON_GAMMA_RESPONSE,0.004458712323880863,0.8355986047322707,2.710853503653677,197,up,7.323994157427317e-21,2.9295976629708706e-22,10.590753367567098,197,up,AM
HALLMARK_APICAL_JUNCTION,0.2693877551020408,0.3757206485285426,1.2040748817246374,167,up,0.24747297279929717,0.12868594585563453,1.1345864943452248,167,up,AM
HALLMARK_APICAL_SURFACE,0.6073392149341517,0.3975920906348943,1.0471922588349643,40,up,0.5539614250584742,0.387772997540932,0.28614221905021925,40,up,AM
HALLMARK_HEDGEHOG_SIGNALING,0.21145374449339208,0.5225199889493937,1.3322662146268407,33,up,0.35524752240797686,0.22025346389294562,0.7765578047522769,33,up,AM
HALLMARK_COMPLEMENT,0.004458712323880863,0.6161919774061445,1.9971512761920438,193,up,1.1045201466127152e-4,2.2090402932254264e-5,4.140409339327303,193,up,AM
HALLMARK_UNFOLDED_PROTEIN_RESPONSE,0.07063393960798163,0.45477439187501545,1.3868922320146053,106,up,0.16299610725483266,0.07171828719212632,1.4686067878295797,106,up,AM
HALLMARK_PI3K_AKT_MTOR_SIGNALING,0.3531598513011152,0.38805054732943595,1.1745864431238633,97,up,0.27888219073182297,0.1505963829951844,1.0372436293059608,97,up,AM
HALLMARK_MTORC1_SIGNALING,0.1992498827941866,0.3840110235073949,1.2429670781214537,194,up,0.16299610725483266,0.07153153238365034,1.4678676619761568,194,up,AM
HALLMARK_E2F_TARGETS,1,0.2153528930896908,0.6981504062991939,195,up,0.8288241698757052,0.7293652694906205,-0.6115565120727393,195,up,AM
HALLMARK_MYC_TARGETS_V1,1,0.21076662501101956,0.6822095200879622,194,up,0.7125741566767624,0.5700593253414099,-0.17672637974792232,194,up,AM
HALLMARK_MYC_TARGETS_V2,0.6593169044530912,-0.28998721201577976,-0.9904439549467893,58,down,0.9326790190312948,0.9326790190312948,-1.5099367152101935,58,up,AM
HALLMARK_EPITHELIAL_MESENCHYMAL_TRANSITION,0.004458712323880863,0.5805995198060028,1.869950164275411,175,up,8.909620135301767e-4,1.960116429766392e-4,3.5918510193262314,175,up,AM
HALLMARK_INFLAMMATORY_RESPONSE,0.004458712323880863,0.8136584709580725,2.638334840517383,189,up,8.652950400902208e-19,5.191770240541258e-20,9.918808945356101,189,up,AM
HALLMARK_XENOBIOTIC_METABOLISM,0.35678817081693454,0.35834749882143807,1.14899563391294,169,up,0.28264382161921736,0.16958629297153044,0.9571641850603313,169,up,AM
HALLMARK_FATTY_ACID_METABOLISM,0.7931786634939519,0.28474170840960056,0.9040070325425208,143,up,0.6341108785703238,0.4946064852848525,0.013532157940586206,143,up,AM
HALLMARK_OXIDATIVE_PHOSPHORYLATION,1,-0.08965381846737779,-0.36743403073506936,184,down,0.9030044929156545,0.8849444030573415,-1.203449258451323,184,up,AM
HALLMARK_GLYCOLYSIS,0.6519654841802494,0.31197278042122045,1.0087802497751355,185,up,0.5813602256746558,0.4302065669992453,0.17597149673785634,185,up,AM
HALLMARK_REACTIVE_OXYGEN_SPECIES_PATHWAY,0.6463225067495705,0.37293782544123005,1.015168988959532,47,up,0.365057501124171,0.23363680071946946,0.7306016658474891,47,up,AM
HALLMARK_P53_PATHWAY,0.0244140625,0.44590277320278665,1.4458656352941164,189,up,0.08291544434344991,0.027574684184947837,1.9239429534472492,189,up,AM
HALLMARK_UV_RESPONSE_UP,0.004458712323880863,0.6193937603479253,1.9739795155314717,147,up,0.004050105957966419,0.0010530275490712702,3.108146416604891,147,up,AM
HALLMARK_UV_RESPONSE_DN,0.2724463240078074,0.385087748836915,1.2071541120888294,129,up,0.28264382161921736,0.16894995600487475,0.9601227228382618,129,up,AM
HALLMARK_ANGIOGENESIS,0.4809462444771723,0.45608448498062537,1.1349836882997026,29,up,0.42275856790248195,0.2790206548156381,0.5894218507754946,29,up,AM
HALLMARK_HEME_METABOLISM,1,0.23966801150289513,0.7729196267496936,177,up,0.7702659163344869,0.6316180513942793,-0.33642730655646413,177,up,AM
HALLMARK_COAGULATION,0.04867285352715946,0.4639155453962104,1.440860322965669,121,up,0.09178809488057388,0.03487947605461803,1.8216102919502446,121,up,AM
HALLMARK_IL2_STAT5_SIGNALING,0.004458712323880863,0.669782842050091,2.1686207482702704,190,up,2.1156871671584873e-5,2.5388246005901783e-6,4.649935774373509,190,up,AM
HALLMARK_BILE_ACID_METABOLISM,1,0.25354055589744817,0.7674331357793794,99,up,0.8652950832591286,0.7814192360698684,-0.7785902046874014,99,up,AM
HALLMARK_PEROXISOME,1,-0.19238362868458103,-0.718070160595912,94,down,0.8848353978438228,0.8494419819300698,-1.0377361734780441,94,up,AM
HALLMARK_ALLOGRAFT_REJECTION,0.004458712323880863,0.6832974249486434,2.2103055961212914,186,up,6.21181679028217e-7,6.211816790282262e-8,5.43670991895806,186,up,AM
HALLMARK_SPERMATOGENESIS,0.7284420527628299,0.31664718663414293,0.9561954040652435,96,up,0.6069084788139419,0.4612504438985958,0.097414233055105,96,up,AM
HALLMARK_KRAS_SIGNALING_UP,0.004458712323880863,0.6639512556926737,2.131595917633169,172,up,9.783435463095916e-5,1.643203039857288e-5,4.2328073060467615,172,up,AM
HALLMARK_KRAS_SIGNALING_DN,0.004458712323880863,0.5052019901819376,1.5929798900760739,135,up,0.08269664225224854,0.024808992675674567,1.9739657906934178,135,up,AM
HALLMARK_PANCREAS_BETA_CELLS,0.8994708994708994,-0.2965380322516857,-0.8171278885265375,21,down,0.8288241698757052,0.7021955914884285,-0.5354117983560566,21,up,AM
HALLMARK_TNFA_SIGNALING_VIA_NFKB,0.003166160081053698,0.8867068670696725,3.1994980879703943,198,up,7.2170849377228e-42,1.4434169875445956e-43,16.569651054275667,198,up,MDM
HALLMARK_HYPOXIA,0.003166160081053698,0.6388289057408667,2.2807543916479367,178,up,1.1787667799637477e-7,1.6502734919492596e-8,5.671583829059891,178,up,MDM
HALLMARK_CHOLESTEROL_HOMEOSTASIS,0.04462578095116664,0.46803802860385557,1.4777239229553416,69,up,0.09284083333428794,0.061274950000630025,1.5538417880401048,69,up,MDM
HALLMARK_MITOTIC_SPINDLE,1,0.19924699188529887,0.7169766996791084,195,up,0.7003809750703847,0.6303428775633462,-0.3330333855777743,195,up,MDM
HALLMARK_WNT_BETA_CATENIN_SIGNALING,0.23349037110505,0.4336701893623345,1.2635003166728722,40,up,0.25294474787645177,0.1922380083861033,0.8754889982657978,40,up,MDM
HALLMARK_TGF_BETA_SIGNALING,0.0033275655530413954,0.5705675262332606,1.7332627722718947,53,up,0.036116812994130824,0.018058406497065388,2.123226237987251,53,up,MDM
HALLMARK_IL6_JAK_STAT3_SIGNALING,0.003166160081053698,0.7973476865459881,2.5938859064530444,84,up,1.1428361010852641e-6,1.8285377617364193e-7,5.414417393622564,84,up,MDM
HALLMARK_DNA_REPAIR,1,0.16901990118058413,0.5882815076710423,147,up,0.585495812819062,0.5035263990243933,-0.008848788865613239,147,up,MDM
HALLMARK_G2M_CHECKPOINT,0.5159446450060169,0.2890483754716464,1.033721414689072,188,up,0.3951299467930012,0.3082013584985409,0.501393481689122,188,up,MDM
HALLMARK_APOPTOSIS,0.003166160081053698,0.6242570396500009,2.1901544214445243,154,up,4.647718278608337e-5,1.1154523868660008e-5,4.328537733961875,154,up,MDM
HALLMARK_NOTCH_SIGNALING,0.02099737532808399,0.6079651016068706,1.6917043040336757,31,up,0.0704231014130511,0.040845398819569625,1.7749866840638,31,up,MDM
HALLMARK_ADIPOGENESIS,0.48840048840048844,0.29120248396566795,1.0431717593754253,186,up,0.4876476684541919,0.3901181347633535,0.27922737343881904,186,up,MDM
HALLMARK_ESTROGEN_RESPONSE_EARLY,0.003166160081053698,0.4549738662844248,1.6264279503254178,182,up,0.011481726483266149,0.004363056063641138,2.6382541139268634,182,up,MDM
HALLMARK_ESTROGEN_RESPONSE_LATE,0.003166160081053698,0.4558741271773187,1.6275671126567595,178,up,0.022856580491558448,0.010514027026116887,2.3186545001805134,178,up,MDM
HALLMARK_ANDROGEN_RESPONSE,0.007591093117408907,0.4740468001932936,1.5614391844567006,93,up,0.019187480607353757,0.008442491467235648,2.411171179333469,93,up,MDM
HALLMARK_MYOGENESIS,0.012374195677280975,0.42465750059272556,1.5034273253427772,166,up,0.050166850722160254,0.027001223534825848,1.9337847655873852,166,up,MDM
HALLMARK_PROTEIN_SECRETION,0.5733082706766918,0.30240437732002307,0.9960747422114827,93,up,0.25294474787645177,0.1914428169728199,0.8755934415180021,93,up,MDM
HALLMARK_INTERFERON_ALPHA_RESPONSE,0.003166160081053698,0.6062739190961517,1.9966638854720575,95,up,1.3569533972504271e-4,3.528078832851109e-5,4.065233095535919,95,up,MDM
HALLMARK_INTERFERON_GAMMA_RESPONSE,0.003166160081053698,0.7065497447595013,2.5458099515929558,197,up,3.008994201047376e-12,1.8053965206284335e-13,7.5818638162883065,197,up,MDM
HALLMARK_APICAL_JUNCTION,0.061738981306808445,0.3774830171822142,1.334083463751406,167,up,0.10606240617835963,0.07607876745153126,1.4352653536374513,167,up,MDM
HALLMARK_APICAL_SURFACE,0.008494733265375467,0.58361910516328,1.700377250450197,40,up,0.06220131752113613,0.03483273781183619,1.8422059852740162,40,up,MDM
HALLMARK_HEDGEHOG_SIGNALING,0.0254803037252204,0.5823526341885038,1.6320971048985238,33,up,0.07592081278197892,0.04707090392482692,1.7079614242413625,33,up,MDM
HALLMARK_COMPLEMENT,0.003166160081053698,0.5992978954924669,2.1537752571568687,193,up,7.189505659358607e-6,1.2941110186845476e-6,4.7826118832546225,193,up,MDM
HALLMARK_UNFOLDED_PROTEIN_RESPONSE,0.003166160081053698,0.5666054319422096,1.8966782804436246,106,up,0.0016690873323805442,5.250803037416877e-4,3.3250510999029945,106,up,MDM
HALLMARK_PI3K_AKT_MTOR_SIGNALING,0.04462578095116664,0.43628026200792747,1.4376884678510364,97,up,0.0708032827413354,0.042481969644801235,1.732694369146393,97,up,MDM
HALLMARK_MTORC1_SIGNALING,0.003166160081053698,0.502144395796869,1.8057512580497403,194,up,5.129387935557179e-4,1.4362286219560082e-4,3.6600562740870943,194,up,MDM
HALLMARK_E2F_TARGETS,1,-0.19008411392884844,-0.8256434309894646,195,down,0.9373217590603233,0.9373217590603233,-1.536706282120478,195,up,MDM
HALLMARK_MYC_TARGETS_V1,0.003166160081053698,0.4655470171104572,1.6741441682216498,194,up,0.0050494095557537455,0.00171679924895627,2.953769621744737,194,up,MDM
HALLMARK_MYC_TARGETS_V2,0.20531400966183574,0.40920661897763133,1.2616622498622643,58,up,0.10606240617835963,0.07636493244841897,1.440781074246929,58,up,MDM
HALLMARK_EPITHELIAL_MESENCHYMAL_TRANSITION,0.003166160081053698,0.6913646591080034,2.4640948164095557,175,up,6.283394196471971e-8,7.54007303576635e-9,5.846166527730167,175,up,MDM
HALLMARK_INFLAMMATORY_RESPONSE,0.003166160081053698,0.8331186212831959,2.9819507554717197,189,up,6.320886471676885e-23,2.5283545886707527e-24,11.218152528753778,189,up,MDM
HALLMARK_XENOBIOTIC_METABOLISM,0.004978096375945838,0.4497341491204254,1.5920780568723867,169,up,0.050166850722160254,0.027090099389966527,1.9322662020202692,169,up,MDM
HALLMARK_FATTY_ACID_METABOLISM,0.5570988125400653,0.28877238872842453,1.001433657891936,143,up,0.5131651748396093,0.4231995056665264,0.19389248867379513,143,up,MDM
HALLMARK_OXIDATIVE_PHOSPHORYLATION,1,0.12618231249790218,0.45035763764257636,184,up,0.6800891704709129,0.5984784700144032,-0.24969498602507237,184,up,MDM
HALLMARK_GLYCOLYSIS,0.007159904534606206,0.42967946030740395,1.5373376862135966,185,up,0.024501823891594457,0.011760875467965332,2.274403703045336,185,up,MDM
HALLMARK_REACTIVE_OXYGEN_SPECIES_PATHWAY,0.05040764442885948,0.49798740506848393,1.4915235796020407,47,up,0.08787228660666413,0.056238263428265024,1.6026807909155294,47,up,MDM
HALLMARK_P53_PATHWAY,0.003166160081053698,0.5498313955447994,1.9679912361118113,189,up,0.0016690873323805442,5.341079463617743e-4,3.301949416436826,189,up,MDM
HALLMARK_UV_RESPONSE_UP,0.003166160081053698,0.6423116866474564,2.235595245153899,147,up,1.6906301537188224e-5,3.3812603074376334e-6,4.5981160607579845,147,up,MDM
HALLMARK_UV_RESPONSE_DN,0.003166160081053698,0.5126049992989128,1.7665188863211145,129,up,0.015310870572737344,0.006430565640549673,2.5061127841188426,129,up,MDM
HALLMARK_ANGIOGENESIS,0.003529079616036138,0.7335441897403316,2.00730490632295,29,up,0.005408146906126637,0.0019469328862055867,3.033698691878902,29,up,MDM
HALLMARK_HEME_METABOLISM,0.6645637873395881,0.26377102595491164,0.9409035191872142,177,up,0.5131651748396093,0.43105874686527185,0.1738098007880063,177,up,MDM
HALLMARK_COAGULATION,0.003166160081053698,0.5129583990212094,1.750124665517501,121,up,0.014435036453122278,0.005774014581248911,2.5468578471841146,121,up,MDM
HALLMARK_IL2_STAT5_SIGNALING,0.003166160081053698,0.6731681289628884,2.412060156702082,190,up,2.750667224449491e-8,2.750667224449496e-9,5.9961951507970115,190,up,MDM
HALLMARK_BILE_ACID_METABOLISM,0.6602935318809939,0.28577496650305995,0.9466933418056127,99,up,0.8362854506695167,0.8195597416561263,-0.9158968850450242,99,up,MDM
HALLMARK_PEROXISOME,0.8795074758135444,0.24865866970260916,0.8191531565885651,94,up,0.8362854506695167,0.8089140959137331,-0.8760072750571795,94,up,MDM
HALLMARK_ALLOGRAFT_REJECTION,0.003166160081053698,0.6855146586518548,2.4557123373570167,186,up,2.6943335105945514e-8,2.1554668084756433e-9,6.061291031611219,186,up,MDM
HALLMARK_SPERMATOGENESIS,1,-0.20240506276525397,-0.7930482880684139,96,down,0.8192747133643297,0.7701182305624699,-0.7409737529627125,96,up,MDM
HALLMARK_KRAS_SIGNALING_UP,0.003166160081053698,0.6651482800340849,2.359841933261709,172,up,2.1155036941857844e-5,4.6541081272087136e-6,4.530993010225994,172,up,MDM
HALLMARK_KRAS_SIGNALING_DN,0.011287700921076395,0.44699117182233916,1.542640927786984,135,up,0.10606240617835963,0.07223450483038125,1.4642362362506842,135,up,MDM
HALLMARK_PANCREAS_BETA_CELLS,0.34792510121457493,-0.3948108646321943,-1.138629682488081,21,down,0.7852590249659841,0.7224383029687054,-0.5951157752710993,21,up,MDM
HALLMARK_TNFA_SIGNALING_VIA_NFKB,0.01443001443001443,0.5953277352052664,2.1366824642165234,198,up,1.777575267600457e-6,3.5551505352009255e-8,5.499068053185163,198,up,Media
HALLMARK_HYPOXIA,0.01443001443001443,0.4256613260322897,1.5046164105336481,178,up,0.2622922024008828,0.02473175640849748,1.9719983448714573,178,up,Media
HALLMARK_CHOLESTEROL_HOMEOSTASIS,0.5744336569579288,-0.3289946616775855,-1.0332766808295406,69,down,0.9411485093768397,0.8133557534428327,-0.8932741752706201,69,up,Media
HALLMARK_MITOTIC_SPINDLE,0.2671133647229265,-0.3252058788983804,-1.1728969599189023,195,down,0.952738509000576,0.9146289686405529,-1.3724784745519747,195,up,Media
HALLMARK_WNT_BETA_CATENIN_SIGNALING,0.9708078750848609,-0.27278263216059045,-0.7615965759373093,40,down,0.728164193286028,0.5039462754901376,-0.009925323236208636,40,up,Media
HALLMARK_TGF_BETA_SIGNALING,0.11857121683711279,0.48559152414086654,1.4496751275417705,53,up,0.32145019001822556,0.05143203040291612,1.6456228483378288,53,up,Media
HALLMARK_IL6_JAK_STAT3_SIGNALING,0.44027794417155863,0.33383879701568453,1.0674812864626342,84,up,0.554581507603914,0.277290753801957,0.5921910165707694,84,up,Media
HALLMARK_DNA_REPAIR,1,-0.19275360223561083,-0.6726696141968838,147,down,0.728164193286028,0.5097149353002196,-0.024381012665952332,147,up,Media
HALLMARK_G2M_CHECKPOINT,0.01443001443001443,-0.504543517737067,-1.8045127733098947,188,down,0.020572726946270662,8.229090778508276e-4,-3.171137563197319,188,down,Media
HALLMARK_APOPTOSIS,0.44027794417155863,-0.30344190227632944,-1.0632583263041078,154,down,0.749356486374537,0.5436417886648538,-0.10970884947079455,154,up,Media
HALLMARK_NOTCH_SIGNALING,0.6578947368421053,-0.3691543966145706,-0.9819938190120832,31,down,0.8514202458251203,0.6470793868270914,-0.37936246364772885,31,up,Media
HALLMARK_ADIPOGENESIS,0.3994190268700073,0.3146290764847567,1.1253876865857935,186,up,0.554581507603914,0.2539512422403501,0.6627792115821193,186,up,Media
HALLMARK_ESTROGEN_RESPONSE_EARLY,0.01443001443001443,0.41112991086931727,1.4629151285705788,182,up,0.2622922024008828,0.03557123324098556,1.8103889946691778,182,up,Media
HALLMARK_ESTROGEN_RESPONSE_LATE,0.2892706872370266,0.33113375367805087,1.1704828449174347,178,up,0.554581507603914,0.26630869884435493,0.6247041105643437,178,up,Media
HALLMARK_ANDROGEN_RESPONSE,0.44027794417155863,0.33268946404932526,1.087951871739857,93,up,0.554581507603914,0.26716972940675165,0.6226167690063747,93,up,Media
HALLMARK_MYOGENESIS,0.01443001443001443,0.47808437699634704,1.678801487673747,166,up,0.11667726836410057,0.004667090734564022,2.615001320036396,166,up,Media
HALLMARK_PROTEIN_SECRETION,0.9176587301587302,0.2561132421301525,0.8375344315428969,93,up,0.5604796932340839,0.313868628211087,0.485831895636879,93,up,Media
HALLMARK_INTERFERON_ALPHA_RESPONSE,1,0.2364826918845651,0.7733776568872102,95,up,0.5604796932340839,0.30124429718665,0.5217159143663476,95,up,Media
HALLMARK_INTERFERON_GAMMA_RESPONSE,0.6926829268292682,0.2678733616893001,0.9602169465209522,197,up,0.5880796950222665,0.34994468510582455,0.3857548866993631,197,up,Media
HALLMARK_APICAL_JUNCTION,0.8410449199922884,0.25829873942253645,0.9066480639271294,167,up,0.697889896145043,0.4606073314557284,0.09897960199791517,167,up,Media
HALLMARK_APICAL_SURFACE,0.44027794417155863,0.40062890287778863,1.1319660933998832,40,up,0.554581507603914,0.2604252683865773,0.6452868725276231,40,up,Media
HALLMARK_HEDGEHOG_SIGNALING,0.2671133647229265,0.4829602142405021,1.3242704093335378,33,up,0.554581507603914,0.25698602874535326,0.6569684403285795,33,up,Media
HALLMARK_COMPLEMENT,0.3064516129032258,0.32404916639121606,1.155001932335792,193,up,0.5604796932340839,0.31179007694554056,0.49120097923954475,193,up,Media
HALLMARK_UNFOLDED_PROTEIN_RESPONSE,0.8668499790278231,0.2655130604662062,0.8772639151889459,106,up,0.4900161168204881,0.15380137896178886,1.023668634661948,106,up,Media
HALLMARK_PI3K_AKT_MTOR_SIGNALING,1,0.20514034466287284,0.6712134819149157,97,up,0.6741100474872339,0.43143043039182966,0.17300272460700455,97,up,Media
HALLMARK_MTORC1_SIGNALING,0.6926829268292682,-0.26781532588096707,-0.9672542012299749,194,down,0.8814593257596834,0.6911923340656284,-0.49964904504335744,194,up,Media
HALLMARK_E2F_TARGETS,0.01443001443001443,-0.5199603539379434,-1.8753041011375382,195,down,0.005121135406048303,1.0242270812096603e-4,-3.7508192897877746,195,down,Media
HALLMARK_MYC_TARGETS_V1,1,0.16334207384282973,0.5830438437476414,194,up,0.554581507603914,0.26280158640391016,0.63563471626730506,194,up,Media
HALLMARK_MYC_TARGETS_V2,0.2671133647229265,0.4133360099968614,1.2488121106568508,58,up,0.3302680434887836,0.06605360869775667,1.5221550328380902,58,up,Media
HALLMARK_EPITHELIAL_MESENCHYMAL_TRANSITION,0.01443001443001443,0.47659340716994164,1.6875432133119737,175,up,0.16641608146603332,0.009984964887961996,2.340385073863106,175,up,Media
HALLMARK_INFLAMMATORY_RESPONSE,0.0250501002004008,0.4175141404475443,1.4906123942404743,189,up,0.2622922024008828,0.03672090833612358,1.7963926694595258,189,up,Media
HALLMARK_XENOBIOTIC_METABOLISM,0.19690040650406504,0.35603435933567984,1.2525910328318328,169,up,0.5030833037211765,0.18110998933962347,0.9125055482465625,169,up,Media
HALLMARK_FATTY_ACID_METABOLISM,0.6490742711215152,0.2862449400594793,0.9876753057795065,143,up,0.6741100474872339,0.4274426401298307,0.18305529760370404,143,up,Media
HALLMARK_OXIDATIVE_PHOSPHORYLATION,1,-0.21621540727148914,-0.7741003499733536,184,down,0.9411485093768397,0.7946835855591833,-0.8242026373334428,184,up,Media
HALLMARK_GLYCOLYSIS,0.6587615283267458,0.273051103290716,0.9743512126810142,185,up,0.5880796950222665,0.35284781701335993,0.37793759015236017,185,up,Media
HALLMARK_REACTIVE_OXYGEN_SPECIES_PATHWAY,0.2574002574002574,0.44545821483831916,1.30066246070041,47,up,0.4241722239376483,0.11028477822378856,1.2335686052878396,47,up,Media
HALLMARK_P53_PATHWAY,0.2671133647229265,0.33514865210541406,1.1965504550476056,189,up,0.4900161168204881,0.15731932744284766,1.0068939766960936,189,up,Media
HALLMARK_UV_RESPONSE_UP,0.05295675198587821,0.42279101095741145,1.4693034511506615,147,up,0.2622922024008828,0.03643595588648405,1.8001333167208378,147,up,Media
HALLMARK_UV_RESPONSE_DN,0.11857121683711279,0.40842128123619603,1.393639914430271,129,up,0.4241722239376483,0.10613370463399195,1.250726502783289,129,up,Media
HALLMARK_ANGIOGENESIS,0.19889103182256512,0.5387997562689342,1.4372530756815267,29,up,0.3302680434887836,0.06469787670215317,1.539233181807908,29,up,Media
HALLMARK_HEME_METABOLISM,0.44027794417155863,-0.3021655588488834,-1.078008465409541,177,down,0.9411485093768397,0.8343830401871088,-0.9729748849943038,177,up,Media
HALLMARK_COAGULATION,0.04970178926441352,0.4332613709636437,1.4591955171962954,121,up,0.35753403291897246,0.07865748724217397,1.419737110546909,121,up,Media
HALLMARK_IL2_STAT5_SIGNALING,0.19690040650406504,0.3519582732518177,1.2563391971531574,190,up,0.4900161168204881,0.16660547971896592,0.9689931060953486,190,up,Media
HALLMARK_BILE_ACID_METABOLISM,0.3054989816700611,-0.36211561738296794,-1.193198146862726,99,down,0.9411485093768397,0.8774941286704612,-1.166048708591918,99,up,Media
HALLMARK_PEROXISOME,0.3173268083804863,-0.3564883308867641,-1.1709370474431882,94,down,0.9411485093768397,0.8624887059186401,-1.0951428024081957,94,up,Media
HALLMARK_ALLOGRAFT_REJECTION,0.19690040650406504,-0.34801069056547285,-1.2433519442764276,186,down,0.9411485093768397,0.8846795988142293,-1.2008180239634765,186,up,Media
HALLMARK_SPERMATOGENESIS,0.4322562358276644,-0.33398771837475616,-1.0984121938585922,96,down,0.9082612350700725,0.7447742127574595,-0.6593797795344754,96,up,Media
HALLMARK_KRAS_SIGNALING_UP,0.04970178926441352,0.4029154484714869,1.4252980059430829,172,up,0.4900161168204881,0.1506637367544412,1.0356363936388542,172,up,Media
HALLMARK_KRAS_SIGNALING_DN,0.4538842013383765,-0.3062050812478169,-1.0563020877970282,135,down,0.749356486374537,0.5545237999171574,-0.13723812432246715,135,up,Media
HALLMARK_PANCREAS_BETA_CELLS,0.44027794417155863,-0.4675351519882756,-1.1476555921031282,21,down,0.8814593257596834,0.7051674606077468,-0.5441013181278198,21,up,Media
HALLMARK_TNFA_SIGNALING_VIA_NFKB,0.015460729746444033,-0.47075285692343793,-1.6841463700399661,198,down,0.004205342435171649,2.523205461102985e-4,-3.507679798275686,198,down,TB
HALLMARK_HYPOXIA,0.38461538461538464,-0.31897388907374696,-1.1220486248362525,178,down,0.4139203970233671,0.17880730976873646,-0.9212247714485492,178,down,TB
HALLMARK_CHOLESTEROL_HOMEOSTASIS,0.38461538461538464,-0.38086107847473294,-1.1764827949864902,69,down,0.33227276889919216,0.10632728604774147,-1.2521769219918208,69,down,TB
HALLMARK_MITOTIC_SPINDLE,0.38461538461538464,-0.31377358331658367,-1.1216548757409095,195,down,0.38105060548388237,0.13717821797419777,-1.0947735793100226,195,down,TB
HALLMARK_WNT_BETA_CATENIN_SIGNALING,0.6459189665296535,-0.3435664471690609,-0.9686600018547435,40,down,0.5536743121817703,0.3694275374237829,-0.3345879595055829,40,down,TB
HALLMARK_TGF_BETA_SIGNALING,0.5960770495654216,0.342719423703641,1.0182830519205763,53,up,0.8251328360524233,0.7756248658892779,0.76038927792835,53,down,TB
HALLMARK_IL6_JAK_STAT3_SIGNALING,0.15827140104596754,-0.4259424160961412,-1.357737927766668,84,down,0.3264657602989369,0.052234521647829886,-1.6329652613286252,84,down,TB
HALLMARK_DNA_REPAIR,0.9885496183206107,-0.21640188798007343,-0.7407535808768066,147,down,0.5536743121817703,0.37854251006623185,-0.3096631935633659,147,down,TB
HALLMARK_G2M_CHECKPOINT,0.015460729746444033,-0.5167180999359542,-1.8357857198027672,188,down,0.0030087647496643724,8.943016798600121e-5,-3.786529950376584,188,down,TB
HALLMARK_APOPTOSIS,0.1122334455667789,-0.38453458053797873,-1.3267438835925252,154,down,0.33227276889919216,0.06945137893527059,-1.4837800292512886,154,down,TB
HALLMARK_NOTCH_SIGNALING,0.21087680355160934,-0.519520164545285,-1.3927256808550708,31,down,0.33227276889919216,0.1054395643960951,-1.2661665707263043,31,down,TB
HALLMARK_ADIPOGENESIS,0.7359434795407713,0.2605877386291712,0.9386368752571721,186,up,0.711065079008002,0.5972946663667217,0.24653134558690637,186,down,TB
HALLMARK_ESTROGEN_RESPONSE_EARLY,0.22340425531914895,0.3335518506304974,1.195831038218721,182,up,0.8003729441156049,0.7363431085863565,0.6327737303446852,182,down,TB
HALLMARK_ESTROGEN_RESPONSE_LATE,0.4947368421052632,0.2959128813749664,1.059214453284584,178,up,0.6371575336656697,0.5067165490895639,0.01684953278076432,178,down,TB
HALLMARK_ANDROGEN_RESPONSE,0.747511679869998,-0.27837178696908316,-0.9032755736549366,93,down,0.5918289439448525,0.4379534185191909,-0.1563922949012784,93,down,TB
HALLMARK_MYOGENESIS,0.1122334455667789,0.3777863795788764,1.346689955151535,166,up,0.8524819565605642,0.8183826782981416,0.9105129976461107,166,down,TB
HALLMARK_PROTEIN_SECRETION,0.940934065934066,0.24173257898093745,0.790009460657488,93,up,0.756439202748667,0.6656664984188271,0.4287629363765347,93,down,TB
HALLMARK_INTERFERON_ALPHA_RESPONSE,0.015460729746444033,0.6474646857793978,2.128918389047305,95,up,5.116252521035151e-5,1.0232505042070323e-6,4.90437992004563,95,up,TB
HALLMARK_INTERFERON_GAMMA_RESPONSE,0.08152173913043478,0.39060804684572714,1.4067200582988524,197,up,0.43922924929789703,0.017569169971915873,2.1141794389771147,197,up,TB
HALLMARK_APICAL_JUNCTION,0.5960770495654216,-0.2914042617828275,-1.015938785870954,167,down,0.5536743121817703,0.3376861207722388,-0.41917047999435875,167,down,TB
HALLMARK_APICAL_SURFACE,0.5755009541984732,-0.3745661114605456,-1.0560612458281107,40,down,0.5081267447442923,0.2743884421619178,-0.6024216705259475,40,down,TB
HALLMARK_HEDGEHOG_SIGNALING,0.45578231292517013,-0.42770610811154447,-1.1633191806030796,33,down,0.5120028526265107,0.2969616545233762,-0.5361196663086331,33,down,TB
HALLMARK_COMPLEMENT,0.21087680355160934,-0.3459747799499614,-1.2371302007770095,193,down,0.33227276889919216,0.09250849845605932,-1.3278877312256567,193,down,TB
HALLMARK_UNFOLDED_PROTEIN_RESPONSE,0.747511679869998,-0.27842258040374157,-0.9127551612312785,106,down,0.4139203970233671,0.1904033826307489,-0.8785191387268472,106,down,TB
HALLMARK_PI3K_AKT_MTOR_SIGNALING,0.6885068850688507,-0.28751037823513836,-0.9364479776433413,97,down,0.5072545586131814,0.24838797486027545,-0.6811216181865751,97,down,TB
HALLMARK_MTORC1_SIGNALING,0.015460729746444033,-0.4604986177374455,-1.6502856082639417,194,down,0.01755819937084215,0.0017558199370842126,-2.9377052347290418,194,down,TB
HALLMARK_E2F_TARGETS,0.015460729746444033,-0.4848721305846116,-1.7332854590004878,195,down,0.006234504195383609,4.987603356306877e-4,-3.318956656156521,195,down,TB
HALLMARK_MYC_TARGETS_V1,0.15827140104596754,-0.35566531214348157,-1.2745952395534461,194,down,0.3264657602989369,0.049531959850787614,-1.6556398004780057,194,down,TB
HALLMARK_MYC_TARGETS_V2,0.9885496183206107,-0.2193909298650976,-0.6637280627271228,58,down,0.5536743121817703,0.3735838284324552,-0.32350732987764524,58,down,TB
HALLMARK_EPITHELIAL_MESENCHYMAL_TRANSITION,0.2140768588137009,-0.3479904574465053,-1.2256106303395118,175,down,0.5120028526265107,0.2884138790369806,-0.5586547029605854,175,down,TB
HALLMARK_INFLAMMATORY_RESPONSE,0.015460729746444033,-0.42960290471133694,-1.527948133926237,189,down,0.04566507465866667,0.005479808959040002,-2.5590888558222056,189,down,TB
HALLMARK_XENOBIOTIC_METABOLISM,0.61352803975256065,-0.28726660237672125,-1.0023366310802349,169,down,0.6371575336656697,0.5224691776058492,0.056397287100861546,169,down,TB
HALLMARK_FATTY_ACID_METABOLISM,0.9105849953360281,0.2445338631232642,0.8570766540868934,143,up,0.6371575336656697,0.5210048807442189,0.052722425319169874,143,down,TB
HALLMARK_OXIDATIVE_PHOSPHORYLATION,0.6908812674408137,-0.2706447962463463,-0.9575976252029986,184,down,0.33227276889919216,0.10260202066946206,-1.2704818677954008,184,down,TB
HALLMARK_GLYCOLYSIS,0.3476933514246947,-0.3228156535906671,-1.142603075545527,185,down,0.33227276889919216,0.09389908248546182,-1.319573676387462,185,down,TB
HALLMARK_REACTIVE_OXYGEN_SPECIES_PATHWAY,0.6758872651356994,0.3300105270626478,0.9553517707254382,47,up,0.756439202748667,0.6645348734135716,0.4262379673909997,47,down,TB
HALLMARK_P53_PATHWAY,0.3476933514246947,-0.32114003867690694,-1.1421834383431038,189,down,0.37372824986568126,0.12706760495433161,-1.1421137199244218,189,down,TB
HALLMARK_UV_RESPONSE_UP,0.5960770495654216,-0.29562892543545605,-1.0119513612896078,147,down,0.5081267447442923,0.27318069996228844,-0.6039266699429539,147,down,TB
HALLMARK_UV_RESPONSE_DN,0.6040343878181716,0.2905048788823268,0.9978119357724128,129,up,0.5993325410050103,0.4554927311638078,-0.11191430340919124,129,down,TB
HALLMARK_ANGIOGENESIS,0.45638945233265715,-0.43892404559412196,-1.1605784892859483,29,down,0.4139203970233671,0.18986012905324623,-0.8861257733447158,29,down,TB
HALLMARK_HEME_METABOLISM,0.21087680355160934,-0.3494181495013676,-1.2295137466781159,177,down,0.33227276889919216,0.09842727690480926,-1.2930147518796262,177,down,TB
HALLMARK_COAGULATION,0.22340425531914895,0.36653760167932653,1.2415684815924595,121,up,0.7835063699609639,0.7051557329648674,0.5401737220102991,121,down,TB
HALLMARK_IL2_STAT5_SIGNALING,0.10326311441553078,-0.3729911714810538,-1.3278436416554187,190,down,0.33227276889919216,0.09919415632891207,-1.2886395807842463,190,down,TB
HALLMARK_BILE_ACID_METABOLISM,0.38461538461538464,-0.3489236348292796,-1.1373355037690125,99,down,0.4139203970233671,0.18907001604869855,-0.8833392742627744,99,down,TB
HALLMARK_PEROXISOME,0.42318369557857677,-0.3451983773477922,-1.1220475476120495,94,down,0.4139203970233671,0.17572085141242189,-0.9345200950466523,94,down,TB
HALLMARK_ALLOGRAFT_REJECTION,0.015460729746444033,-0.4958674327736762,-1.7559829753499927,186,down,0.0030087647496643724,1.2035058998657451e-4,-3.7097651795926385,186,down,TB
HALLMARK_SPERMATOGENESIS,0.7925304509155441,-0.2683213641403007,-0.8734696617992442,96,down,0.5918289439448525,0.428005828381143,-0.18170093335946189,96,down,TB
HALLMARK_KRAS_SIGNALING_UP,0.15827140104596754,-0.362143874501119,-1.2679493643750972,172,down,0.5072545586131814,0.2536272793065907,-0.6639746129471262,172,down,TB
HALLMARK_KRAS_SIGNALING_DN,0.5960770495654216,-0.2994055758024924,-1.0154477690103854,135,down,0.5536743121817703,0.3875720185272392,-0.28596504529455086,135,down,TB
HALLMARK_PANCREAS_BETA_CELLS,0.5709677419354838,-0.4291659473585222,-1.0783798320642943,21,down,0.5536743121817703,0.3449946896510547,-0.4020269455217043,21,down,TB
